"following-log-files-with-tail.rst","Following log files with tail -f","following-log-files-with-tail-f","2008-10-22 22:42:17"
"monitoring-mysql.rst","Monitoring MySQL","monitoring-mysql","2008-10-26 22:41:51"
"creating-large-xml-files-with-php.rst","Creating large XML files with PHP","creating-large-xml-files-with-php","2008-10-31 22:41:33"
"date-conditional-redirects-with-mod-rewrite.rst","Date conditional redirects with mod_rewrite","date-conditional-redirects-with-mod_rewrite","2008-11-07 22:41:15"
"javascript-cookie-objects-using-prototype.rst","Javascript cookie objects using Prototype and JSON","javascript-cookie-objects-using-prototype-and-json","2008-11-08 22:40:52"
"checking-all-mysql-tables.rst","Checking all MySQL tables","checking-all-mysql-tables","2008-11-23 22:40:28"
"high-performance-websites.rst","High Performance Web Sites by Steve Souders","high-performance-web-sites-by-steve-souders","2008-12-06 22:40:06"
"monitoring-mysql-with-ganglia.rst","Monitoring MySQL with Ganglia and gmetric","monitoring-mysql-with-ganglia-and-gmetric","2008-12-14 22:39:44"
"deploying-to-a-shared-host-with-phing.rst","Deploying to a shared hosting environment using Phing","deploying-to-a-shared-hosting-environment-using-phing","2009-01-04 22:39:25"
"phing-task-to-update-twitter-status.rst","Phing task to update Twitter status","phing-task-to-update-twitter-status","2009-01-10 22:39:06"
"phing-task-to-create-an-unfuddle-message.rst","Phing task to create an Unfuddle message","phing-task-to-create-an-unfuddle-message","2009-01-11 22:38:21"
"pet-project-commandlinefu.rst","Current pet project: Command-Line-Fu","current-pet-project-command-line-fu","2009-01-22 22:38:04"
"incremental-history-with-inputrc.rst","The most important command-line tip - incremental history searching with .inputrc","the-most-important-command-line-tip-incremental-history-searching-with-inputrc","2009-02-03 22:37:39"
"using-phing-to-flush-browser-caches.rst","Using a Phing filter to flush browser caches","using-a-phing-filter-to-flush-browser-caches","2009-03-15 22:37:20"
"ingenious-use-of-lambda.rst","Ingenious use of an anonymous function","ingenious-use-of-an-anonymous-function","2009-04-15 22:36:57"
"phing-and-nabaztags.rst","Phing, Xinc and Nabaztags","phing-xinc-and-nabaztags","2009-05-06 22:36:39"
"inspecting-javascript-objects.rst","Inspecting Javascript objects","inspecting-javascript-objects","2009-05-24 22:36:14"
"autogenerating-a-faq-with-prototype.rst","Auto-generating an FAQ with Prototype","auto-generating-an-faq-with-prototype","2009-05-25 22:35:57"
"deploying-cronjobs-with-phing.rst","Deploying cron jobs using Phing","deploying-cron-jobs-using-phing","2009-05-31 22:35:40"
"pseudo-code-job-ad.rst","A pseudo-code job advert and its discontents","a-pseudo-code-job-advert-and-its-discontents","2009-07-09 22:34:53"
"javascript-refactoring-shared-libraries.rst","Javascript refactoring for customising shared libraries","javascript-refactoring-for-customising-shared-libraries","2009-10-13 22:34:35"
"return-false-with-prudence.rst","Return false with prudence","return-false-with-prudence","2010-01-28 22:34:21"
"phing-trick-for-avoiding-deploying-debug-code.rst","Phing trick for avoiding deploying debug code","phing-trick-for-avoiding-deploying-debug-code","2010-08-22 22:34:07"
"sync-two-remote-dbs.rst","How to sync a MySQL table between two remote databases.","how-to-sync-a-mysql-table-between-two-remote-databases","2010-09-03 22:33:52"
"nurl.rst","nurl - an immutable URL object for node.js","nurl-an-immutable-url-object-for-nodejs","2010-11-10 22:30:00"
"mysqldump-with-wildcard-matching.rst","mysqldump with wildcard table matching","mysqldump-with-wildcard-table-matching","2010-11-05 22:29:37"
"british-way-of-dealing-with-apis.rst","The British way of dealing with foreign APIs.","the-british-way-of-dealing-with-foreign-apis","2011-02-04 22:29:04"
"commandlinefu-confoo.rst","Commandlinefu presentation at Confoo 2011","commandlinefu-presentation-at-confoo-2011","2011-03-12 22:27:45"
"domain-model-mapper.rst","Domain-model-mapper - A PHP Data Mapper implementation","domain-model-mapper-a-php-data-mapper-implementation","2011-03-13 22:27:22"
"tdd-with-fabric.rst","Coloured output while doing TDD with Django and Fabric","coloured-output-while-doing-tdd-with-django-and-fabric","2011-04-20 22:26:36"
"multi-scp.rst","Multi-scp: copying a file to all hosts in your SSH config","multi-scp-copying-a-file-to-all-hosts-in-your-ssh-config","2011-05-22 22:25:21"
"running-cronjobs-in-a-virtualenv-with-django.rst","Running django cronjobs within a virtualenv","running-django-cronjobs-within-a-virtualenv","2011-08-11 22:25:04"
"console-logging-to-stdout.rst","Console logging to STDOUT in Django","console-logging-to-stdout-in-django","2011-08-16 22:24:46"
"using-pip-to-install-from-github.rst","Using pip and requirements.txt to install from the HEAD of a Github branch","using-pip-and-requirementstxt-to-install-from-the-head-of-a-github-branch","2011-08-20 22:22:42"
"0036-writing-a-thesis-in-latex.rst","Writing a Thesis in LaTeX","writing-a-thesis-in-latex","2005-11-10 13:33:14"
"0037-how-to-setup-mysqldb.rst","How to set-up MySQL for Python on Ubuntu","how-to-set-up-mysql-for-python-on-ubuntu","2012-01-05 15:06:03"
"0038-restructured-blog.rst","Rewriting codeinthehole.com","rewriting-codeintheholecom","2012-01-06 22:25:06"
"0040-xml-support-for-unittest.rst","Introducing unittest-xml: testing XML in Python","introducing-unittest-xml-testing-xml-in-python","2012-01-13 22:41:30"
"0042-testing-https-handling-in-django.rst","Testing HTTPS handling in Django","testing-https-handling-in-django","2012-03-01 19:13:07"
"0044-setting-title-for-virtualenv.rst","Auto-setting terminal titles for python virtual environments","auto-setting-terminal-titles-for-python-virtual-environments","2012-01-23 18:50:18"
"0046-dns-problems-for-mysql.rst","Solving MySQL connection problems caused by a dead name server","solving-mysql-connection-problems-caused-by-a-dead-name-server","2012-02-02 13:10:35"
"0047-git-pre-commit-tips.rst","Tips for using a git pre-commit hook","tips-for-using-a-git-pre-commit-hook","2012-03-05 01:43:14"
"0048-a-git-tagging-strategy-using-fabric.rst","A Fabric function for git tagging","a-fabric-function-for-git-tagging","2012-02-09 21:14:42"
"0049-avoid-initial-data.rst","Prefer data migrations to initial data","prefer-data-migrations-to-initial-data","2012-02-25 14:17:36"
"0050-confoo-presentations.rst","Confoo 2012 presentations","confoo-2012-presentations","2012-03-03 14:38:15"
"0051-sync-pycon-to-iphone.rst","How to sync PyCon videos to your iPhone","how-to-sync-pycon-videos-to-your-iphone","2012-03-11 22:59:21"
"0052-get-django-postcode-validator.rst","Validating international postcodes in Django","validating-international-postcodes-in-django","2012-03-13 12:22:09"
"0053-csvfilter.rst","csvfilter - a Python command-line tool for manipulating CSV data","csvfilter-a-python-command-line-tool-for-manipulating-csv-data","2012-04-01 21:58:16"
"0054-reloading-django-url-config.rst","How to reload Django's URL config","how-to-reload-djangos-url-config","2012-03-21 22:43:48"
"0055-purl-a-python-url-class.rst","purl - immutable URL objects for Python","purl-immutable-url-objects-for-python","2012-04-19 22:25:00"
"0056-embedding-html-in-django-messages.rst","Embedding HTML in Django messages","embedding-html-in-django-messages","2012-04-12 22:39:09"
"0058-encoded-slashes-in-nginx-django-apache.rst","Django, Nginx, WSGI and encoded slashes","django-nginx-wsgi-and-encoded-slashes","2012-05-05 16:30:31"
"0059-django-file-upload-models.rst","Use models for uploads","use-models-for-uploads","2012-07-19 23:20:08"
"0060-data-migration-for-domain-names.rst","A data migration for every Django project","a-data-migration-for-every-django-project","2012-06-16 16:05:57"
"0061-vim-macros-for-django-i18n.rst","Vim macros for adding i18n support to Django templates","vim-macros-for-adding-i18n-support-to-django-templates","2012-07-06 23:00:36"
"0062-chroot-user-in-ubuntu.rst","How to chroot a user in Ubuntu 12.04","how-to-chroot-a-user-in-ubuntu-1204","2012-10-16 21:45:27"
"0063-django-cacheback.rst","Cacheback - asynchronous cache refreshing for Django","cacheback-asynchronous-cache-refreshing-for-django","2012-09-02 21:14:20"
"0064-django-webtest-is-awesome.rst","Prefer WebTest to Django's test client for functional tests","prefer-webtest-to-djangos-test-client-for-functional-tests","2012-09-09 21:16:18"
"0065-git-tips.rst","Effective pull requests and other good practices for teams using github","pull-requests-and-other-good-practices-for-teams-using-github","2012-10-20 22:20:24"
"0066-maths-vs-engineering.rst","Mathematics and engineering","mathematics-and-engineering","2012-12-14 09:55:17"
"0067-postgres.app-logging.rst","Configuring logging for Postgres.app","configuring-logging-for-postgresapp","2013-01-14 16:23:09"
"0068-altering-postgres-columns-with-south.rst","Altering Postgres table columns with South","altering-postgres-table-columns-with-south","2013-02-19 14:58:45"
"0069-a-github-workflow.rst","Converting Github issues into pull requests","converting-github-issues-into-pull-requests","2013-03-04 22:33:57"
"0070-how-to-install-pil.rst","How to install PIL on 64-bit Ubuntu 12.04","how-to-install-pil-on-64-bit-ubuntu-1204","2013-04-18 09:48:05"
"0071-true-unit-testing.rst","Disable database access when writing unit tests in Django","disable-database-access-when-writing-unit-tests-in-django","2013-04-22 21:38:01"
"0072-git-post-checkout.rst","A useful Git post-checkout hook for Python repos","a-useful-git-post-checkout-hook-for-python-repos","2013-04-23 11:14:14"
"0073-pypi-shields.rst","PyPI README badges","pypi-readme-badges","2013-05-03 09:49:05"
"0074-bootstrapped-virtualenvs.rst","Bootstrapped virtualenvs","bootstrapped-virtualenvs","2014-10-24 15:13:18"
"0075-conditional-validation-in-django-forms.rst","Conditional logic in Django forms","conditional-logic-in-django-forms","2013-06-01 22:15:00"
"0076-a-deferred-logging-handler-for-django.rst","A deferred logging file handler for Django","a-deferred-logging-file-handler-for-django","2013-06-12 22:03:36"
"0077-purl-supports-templates.rst","purl, URI templates and generated tests","purl-uri-templates-and-generated-tests","2013-07-09 22:19:23"
"0078-backing-up-a-postgres-postgis-db.rst","Dumping and restoring a PostGIS database","dumping-and-restoring-a-postgis-database","2013-07-28 21:03:32"
"0080-show-previous-commits-in-commit-editor.rst","Enhancing your git commit editor","enhancing-your-git-commit-editor","2013-08-08 16:16:10"
"0081-how-to-install-geodjango.rst","How to install PostGIS and GeoDjango on Ubuntu","how-to-install-postgis-and-geodjango-on-ubuntu","2013-10-04 22:21:23"
"0085-better-release-announcements.rst","Command-line tips for effective release announcements","command-line-tips-for-effective-release-announcements","2014-01-16 15:20:04"
"0086-oscar-roadmap.rst","The road to Oscar 1.0","the-road-to-oscar-10","2014-05-01 10:30:27"
"0089-ag-and-vim.rst","Using the silver searcher with Vim","using-the-silver-searcher-with-vim","2014-06-17 14:09:03"
"0090-build-your-project-on-ci.rst","Continuously rebuild your project","continuously-re-build-your-project","2014-06-18 21:43:53"
"0091-linking-to-github.rst","Linking to Github","linking-to-github","2014-07-17 23:16:39"
"0093-zabbix-and-django-integration.rst","Integrating Django application metrics into Zabbix","integrating-django-application-metrics-into-zabbix","2014-10-22 11:25:45"
"0095-detecting-migration-clashes.rst","Avoiding clashing Django migrations","avoiding-clashing-django-migrations","2015-01-31 22:29:05"
"0096-backup-rows-to-delete.rst","Backing up Postgres database rows before deleting them","backing-up-database-rows-in-postgres-before-deleting-them","2015-03-19 22:24:36"
"0097-clf-sale.rst","commandlinefu.com is in new hands","commandlinefucom-is-in-new-hands","2015-04-04 21:42:29"
"0098-modern-ssh-tips.rst","An SSH tip for modern AWS patrons","an-ssh-tip-for-modern-aws-patrons","2015-05-02 22:12:37"
"0099-paste-from-psql-to-google-sheets.rst","Copying Postgres output into a spreadsheet","copying-postgres-output-into-a-spreadsheet","2015-09-02 14:13:13"
"0101-git-commit-template.rst","A useful template for commit messages","a-useful-template-for-commit-messages","2015-10-02 22:34:42"
"0102-octopus-energy.rst","Octopus Energy","octopus-energy","2015-11-23 15:25:34"
